come up with (sth)	<div class="meaning"><p><b>🇵🇱 Znaczenie:</b> wymyślić, zaproponować, znaleźć pomysł na coś</p><p>🇬🇧 <i>to think of an idea, plan, or solution</i></p></div><div class="grammar-note"><b>📝 Uwaga:</b> nieseparowalny, przechodni; często z idea, plan, strategy, solution</div>	<div class="examples"><p>1. <i>We need to <b>come up with</b> a new strategy before the next meeting.</i></p><p>   🇵🇱 <i>Musimy wymyślić nową strategię przed następnym spotkaniem.</i></p><p>2. <i>She quickly <b>came up with</b> a practical solution to the problem.</i></p><p>   🇵🇱 <i>Szybko wymyśliła praktyczne rozwiązanie problemu.</i></p></div>	devise, invent, propose	fce phrasal-verbs come workplace projects
put (sth) off	<div class="meaning"><p><b>🇵🇱 Znaczenie:</b> przełożyć, odłożyć na później</p><p>🇬🇧 <i>to delay doing something or move it to a later time</i></p></div><div class="grammar-note"><b>📝 Uwaga:</b> separowalny, przechodni; np. put the meeting off / put off the meeting</div>	<div class="examples"><p>1. <i>They decided to <b>put off</b> the meeting until Friday.</i></p><p>   🇵🇱 <i>Zdecydowali się przełożyć spotkanie na piątek.</i></p><p>2. <i>We can't keep <b>putting off</b> important decisions forever.</i></p><p>   🇵🇱 <i>Nie możemy w nieskończoność odkładać ważnych decyzji.</i></p></div>	postpone, delay, reschedule	fce phrasal-verbs put workplace projects
set aside (sth)	<div class="meaning"><p><b>🇵🇱 Znaczenie 1:</b> odłożyć, zarezerwować coś na konkretny cel</p><p>🇬🇧 <i>to keep time, money, or resources for a particular purpose</i></p></div><div class="grammar-note"><b>📝 Uwaga:</b> zwykle przechodni; częste połączenia: set aside time, money, resources</div>	<div class="examples"><p>1. <i>Try to <b>set aside</b> some time for revision every evening.</i></p><p>   🇵🇱 <i>Spróbuj zarezerwować trochę czasu na powtórkę każdego wieczoru.</i></p><p>2. <i>The company has <b>set aside</b> extra funds for staff training.</i></p><p>   🇵🇱 <i>Firma odłożyła dodatkowe środki na szkolenie pracowników.</i></p></div>	reserve, allocate, save	fce phrasal-verbs set workplace projects
go ahead with (sth)	<div class="meaning"><p><b>🇵🇱 Znaczenie:</b> kontynuować, ruszyć z czymś zgodnie z planem</p><p>🇬🇧 <i>to start or continue something after deciding to do it</i></p></div><div class="grammar-note"><b>📝 Uwaga:</b> nieseparowalny; często z plan, project, system, proposal</div>	<div class="examples"><p>1. <i>After a long discussion, they decided to <b>go ahead with</b> the new system.</i></p><p>   🇵🇱 <i>Po długiej dyskusji zdecydowali się wdrożyć nowy system.</i></p><p>2. <i>We should not <b>go ahead with</b> the project until the budget is approved.</i></p><p>   🇵🇱 <i>Nie powinniśmy ruszać z projektem, dopóki budżet nie zostanie zatwierdzony.</i></p></div>	proceed with, continue with, implement	fce phrasal-verbs go workplace projects
follow through on (sth)	<div class="meaning"><p><b>🇵🇱 Znaczenie:</b> doprowadzić coś do końca, wywiązać się z obietnicy lub planu</p><p>🇬🇧 <i>to do what you promised or finish what you started</i></p></div><div class="grammar-note"><b>📝 Uwaga:</b> poprawna forma to <b>follow through on</b>, nie samo <b>follow through a promise</b></div>	<div class="examples"><p>1. <i>A reliable manager always <b>follows through on</b> their promises.</i></p><p>   🇵🇱 <i>Rzetelny menedżer zawsze wywiązuje się ze swoich obietnic.</i></p><p>2. <i>It's easy to make a plan, but much harder to <b>follow through on</b> it.</i></p><p>   🇵🇱 <i>Łatwo jest zrobić plan, ale dużo trudniej doprowadzić go do końca.</i></p></div>	fulfil, complete, carry out	fce phrasal-verbs follow workplace projects
go over (sth)	<div class="meaning"><p><b>🇵🇱 Znaczenie:</b> przejrzeć coś jeszcze raz, omówić ponownie</p><p>🇬🇧 <i>to review or examine something carefully again</i></p></div><div class="grammar-note"><b>📝 Uwaga:</b> przechodni; np. go over the report, go over the notes</div>	<div class="examples"><p>1. <i>Let's <b>go over</b> the report again before we send it.</i></p><p>   🇵🇱 <i>Przejdźmy jeszcze raz przez raport, zanim go wyślemy.</i></p><p>2. <i>The teacher asked us to <b>go over</b> our mistakes at home.</i></p><p>   🇵🇱 <i>Nauczyciel poprosił nas, żebyśmy w domu jeszcze raz przeanalizowali swoje błędy.</i></p></div>	review, check, examine	fce phrasal-verbs go workplace projects
get to the bottom of (sth)	<div class="meaning"><p><b>🇵🇱 Znaczenie:</b> dojść do źródła problemu, ustalić prawdziwą przyczynę</p><p>🇬🇧 <i>to discover the real cause of a problem or situation</i></p></div><div class="grammar-note"><b>📝 Uwaga:</b> poprawna forma to <b>get to the bottom of</b>, nie <b>bottom off</b></div>	<div class="examples"><p>1. <i>We need to <b>get to the bottom of</b> this problem before it gets worse.</i></p><p>   🇵🇱 <i>Musimy dojść do sedna tego problemu, zanim się pogorszy.</i></p><p>2. <i>The team is trying to <b>get to the bottom of</b> why the clients are unhappy.</i></p><p>   🇵🇱 <i>Zespół próbuje ustalić, dlaczego klienci są niezadowoleni.</i></p></div>	investigate, solve, clarify	fce phrasal-verbs get workplace projects
take on (sth)	<div class="meaning"><p><b>🇵🇱 Znaczenie:</b> podjąć się czegoś, wziąć na siebie nowe zadanie lub wyzwanie</p><p>🇬🇧 <i>to accept work, responsibility, or a challenge</i></p></div><div class="grammar-note"><b>📝 Uwaga:</b> przechodni; częste połączenia: take on a challenge, take on responsibility, take on a client</div>	<div class="examples"><p>1. <i>She was ready to <b>take on</b> a new challenge at work.</i></p><p>   🇵🇱 <i>Była gotowa podjąć nowe wyzwanie w pracy.</i></p><p>2. <i>Our team can't <b>take on</b> any more projects this month.</i></p><p>   🇵🇱 <i>Nasz zespół nie może wziąć na siebie więcej projektów w tym miesiącu.</i></p></div>	accept, assume, undertake	fce phrasal-verbs take workplace projects
get (a project) off the ground	<div class="meaning"><p><b>🇵🇱 Znaczenie:</b> uruchomić projekt, doprowadzić do faktycznego startu</p><p>🇬🇧 <i>to make a project or idea start successfully</i></p></div><div class="grammar-note"><b>📝 Uwaga:</b> idiomatyczne połączenie używane przy projektach, firmach i nowych inicjatywach</div>	<div class="examples"><p>1. <i>It took months to <b>get the project off the ground</b>.</i></p><p>   🇵🇱 <i>Minęły miesiące, zanim udało się uruchomić projekt.</i></p><p>2. <i>We need more funding to <b>get this idea off the ground</b>.</i></p><p>   🇵🇱 <i>Potrzebujemy więcej finansowania, żeby uruchomić ten pomysł.</i></p></div>	launch, start, establish	fce phrasal-verbs get workplace projects
fill in (sth)	<div class="meaning"><p><b>🇵🇱 Znaczenie:</b> wypełnić formularz lub dokument</p><p>🇬🇧 <i>to complete a form or document by writing information on it</i></p></div><div class="grammar-note"><b>📝 Uwaga:</b> przechodni; BrE częściej <b>fill in a form</b>, AmE często <b>fill out a form</b></div>	<div class="examples"><p>1. <i>Please <b>fill in</b> the form before the interview.</i></p><p>   🇵🇱 <i>Proszę wypełnić formularz przed rozmową kwalifikacyjną.</i></p><p>2. <i>I had to <b>fill in</b> several documents when I joined the course.</i></p><p>   🇵🇱 <i>Musiałem wypełnić kilka dokumentów, kiedy zapisałem się na kurs.</i></p></div>	complete, enter, provide	fce phrasal-verbs fill workplace admin
hear from (sb)	<div class="meaning"><p><b>🇵🇱 Znaczenie:</b> dostać wiadomość od kogoś, otrzymać odpowiedź</p><p>🇬🇧 <i>to receive a letter, email, phone call, or message from someone</i></p></div><div class="grammar-note"><b>📝 Uwaga:</b> nieseparowalny; częste w korespondencji formalnej i półformalnej</div>	<div class="examples"><p>1. <i>We hope to <b>hear from</b> the client by the end of the week.</i></p><p>   🇵🇱 <i>Mamy nadzieję otrzymać wiadomość od klienta do końca tygodnia.</i></p><p>2. <i>I haven't <b>heard from</b> the company since the interview.</i></p><p>   🇵🇱 <i>Nie dostałem żadnej wiadomości od firmy od czasu rozmowy kwalifikacyjnej.</i></p></div>	receive a reply from, be contacted by, get a message from	fce phrasal-verbs hear workplace communication
fall behind	<div class="meaning"><p><b>🇵🇱 Znaczenie:</b> zostać w tyle, zacząć się spóźniać względem planu lub innych</p><p>🇬🇧 <i>to fail to stay at the same level or keep up with a schedule</i></p></div><div class="grammar-note"><b>📝 Uwaga:</b> często w połączeniach <b>fall behind schedule</b> i <b>fall behind with work</b></div>	<div class="examples"><p>1. <i>The team started to <b>fall behind schedule</b> after two key people left.</i></p><p>   🇵🇱 <i>Zespół zaczął się spóźniać względem harmonogramu po odejściu dwóch kluczowych osób.</i></p><p>2. <i>If you miss too many classes, you may <b>fall behind</b> with your work.</i></p><p>   🇵🇱 <i>Jeśli opuścisz zbyt wiele zajęć, możesz zostać w tyle z pracą.</i></p></div>	lag, delay, fail to keep up	fce phrasal-verbs fall workplace projects